line_cd,station_cd,Alphabet,Number,station_g_cd,station_name,station_name_k,station_name_r,pref_cd,post,add,lon,lat,e_status,e_sort,company_cd,line_name,line_name_k,line_name_h,line_color_c
28001,2800101,G,19,2100201,浅草,あさくさ,ASAKUSA,13, ,東京都台東区,139.797592,35.710733,0,2800101,18,東京メトロ銀座線,ギンザセン,東京メトロ銀座線,F7931D
28001,2800102,G,18,2800102,田原町,たわらまち,TAWARAMACHI,13,111-0035,台東区西浅草１-１-１８,139.790897,35.709897,0,2800102,18,東京メトロ銀座線,ギンザセン,東京メトロ銀座線,F7931D
28001,2800103,G,17,2800103,稲荷町,いなりちょう,INARICHOU,13,110-0015,台東区東上野３-３３-１１,139.782593,35.711273,0,2800103,18,東京メトロ銀座線,ギンザセン,東京メトロ銀座線,F7931D
28001,2800104,G,16,1130220,上野,うえの,UENO,13, ,東京都台東区東上野三丁目19-6,139.777122,35.711482,0,2800104,18,東京メトロ銀座線,ギンザセン,東京メトロ銀座線,F7931D
28001,2800105,G,15,1130221,上野広小路,うえのひろこうじ,UENOHIROKOUJI,13,110-0005,台東区上野３-２９-３,139.772877,35.70768,0,2800105,18,東京メトロ銀座線,ギンザセン,東京メトロ銀座線,F7931D
28001,2800106,G,14,2800106,末広町,すえひろちょう,SUEHIROCHOU,13,101-0021,千代田区外神田４-７-３,139.771713,35.702972,0,2800106,18,東京メトロ銀座線,ギンザセン,東京メトロ銀座線,F7931D
28001,2800107,G,13,1130223,神田,かんだ,KANDA,13, ,東京都千代田区神田須田町一丁目16,139.770899,35.693587,0,2800107,18,東京メトロ銀座線,ギンザセン,東京メトロ銀座線,F7931D
28001,2800108,G,12,1131402,三越前,みつこしまえ,MITSUKOSHIMAE,13,103-0022,中央区日本橋室町１-８-１,139.773594,35.687101,0,2800108,18,東京メトロ銀座線,ギンザセン,東京メトロ銀座線,F7931D
28001,2800109,G,11,2800109,日本橋,にほんばし,NIHONBASHI,13,103-0027,中央区日本橋１丁目,139.773516,35.682078,0,2800109,18,東京メトロ銀座線,ギンザセン,東京メトロ銀座線,F7931D
28001,2800110,G,10,2800110,京橋,きょうばし,KYOUBASHI,13,104-0031,中央区京橋２-２-１０,139.770126,35.676856,0,2800110,18,東京メトロ銀座線,ギンザセン,東京メトロ銀座線,F7931D
28001,2800111,G,09,2800111,銀座,ぎんざ,GINZA,13,104-0061,中央区銀座４-１-２,139.763965,35.671989,0,2800111,18,東京メトロ銀座線,ギンザセン,東京メトロ銀座線,F7931D
28001,2800112,G,08,1130102,新橋,しんばし,SHINBASHI,13, ,東京都港区新橋二丁目17-5,139.758432,35.667434,0,2800112,18,東京メトロ銀座線,ギンザセン,東京メトロ銀座線,F7931D
28001,2800113,G,07,2800113,虎ノ門,とらのもん,TORANOMON,13,105-0001,港区虎ノ門１-１-２１,139.749832,35.670236,0,2800113,18,東京メトロ銀座線,ギンザセン,東京メトロ銀座線,F7931D
28001,2800114,G,06,2800114,溜池山王,ためいけさんのう,TAMEIKESANNO,13,100-0014,千代田区永田町２-１１-１,139.741419,35.673621,0,2800114,18,東京メトロ銀座線,ギンザセン,東京メトロ銀座線,F7931D
28001,2800115,G,05,2800115,赤坂見附,あかさかみつけ,AKASAKAMITSUKE,13,107-0052,港区赤坂３-１-６,139.737047,35.677021,0,2800115,18,東京メトロ銀座線,ギンザセン,東京メトロ銀座線,F7931D
28001,2800116,G,04,2800116,青山一丁目,あおやまいっちょうめ,AOYAMAICCHOME,13,107-0062,港区南青山１-１-１９,139.724159,35.672765,0,2800116,18,東京メトロ銀座線,ギンザセン,東京メトロ銀座線,F7931D
28001,2800117,G,03,2800117,外苑前,がいえんまえ,GAIENMAE,13,107-0061,港区北青山２-７-１６,139.717857,35.670527,0,2800117,18,東京メトロ銀座線,ギンザセン,東京メトロ銀座線,F7931D
28001,2800118,G,02,2800118,表参道,おもてさんどう,OMOTESANDO,13,107-0061,港区北青山３丁目,139.712314,35.665247,0,2800118,18,東京メトロ銀座線,ギンザセン,東京メトロ銀座線,F7931D
28001,2800119,G,01,1130205,渋谷,しぶや,SHIBUYA,13, ,東京都渋谷区道玄坂一丁目1-1,139.701,35.659066,0,2800119,18,東京メトロ銀座線,ギンザセン,東京メトロ銀座線,F7931D
28002,2800201,M,25,1130212,池袋,いけぶくろ,IKEBUKURO,13, ,東京都豊島区,139.711086,35.730256,0,2800201,18,東京メトロ丸ノ内線,マルノウチセン,東京メトロ丸ノ内線,E60012
28002,2800202,M,24,2800202,新大塚,しんおおつか,SHINOTSUKA,13,112-0012,文京区大塚４-５１-５,139.729971,35.72569,0,2800202,18,東京メトロ丸ノ内線,マルノウチセン,東京メトロ丸ノ内線,E60012
28002,2800203,M,23,2800203,茗荷谷,みょうがだに,MYOGADANI,13,112-0006,文京区小日向４-６-１５,139.737184,35.716989,0,2800203,18,東京メトロ丸ノ内線,マルノウチセン,東京メトロ丸ノ内線,E60012
28002,2800204,M,22,2800204,後楽園,こうらくえん,KOURAKUEN,13,112-0003,文京区春日１-２-３,139.751864,35.707898,0,2800204,18,東京メトロ丸ノ内線,マルノウチセン,東京メトロ丸ノ内線,E60012
28002,2800205,M,21,2800205,本郷三丁目,ほんごうさんちょうめ,HONGOUSANCHOME,13,113-0033,文京区本郷２-３９-１,139.759914,35.706671,0,2800205,18,東京メトロ丸ノ内線,マルノウチセン,東京メトロ丸ノ内線,E60012
28002,2800206,M,20,1131203,御茶ノ水,おちゃのみず,OCHANOMIZU,13,101-0062,千代田区神田駿河台２丁目,139.763952,35.700614,0,2800206,18,東京メトロ丸ノ内線,マルノウチセン,東京メトロ丸ノ内線,E60012
28002,2800207,M,19,2800207,淡路町,あわじちょう,AWAJICHO,13,101-0063,千代田区神田淡路町１-２,139.767575,35.695434,0,2800207,18,東京メトロ丸ノ内線,マルノウチセン,東京メトロ丸ノ内線,E60012
28002,2800208,M,18,2800208,大手町,おおてまち,OTEMACHI,13,100-0004,千代田区大手町１丁目,139.7662,35.686564,0,2800208,18,東京メトロ丸ノ内線,マルノウチセン,東京メトロ丸ノ内線,E60012
28002,2800209,M,17,1130101,東京,とうきょう,TOKYO,13, ,東京都千代田区丸の内一丁目,139.764708,35.681753,0,2800209,18,東京メトロ丸ノ内線,マルノウチセン,東京メトロ丸ノ内線,E60012
28002,2800210,M,16,2800111,銀座,ぎんざ,GINNZA,13,104-0061,中央区銀座４-１-２,139.763965,35.671989,0,2800210,18,東京メトロ丸ノ内線,マルノウチセン,東京メトロ丸ノ内線,E60012
28002,2800211,M,15,2800211,霞ケ関,かすみがせき,KASUMIGASEKI,13,100-0013,千代田区霞が関２丁目,139.750899,35.673838,0,2800211,18,東京メトロ丸ノ内線,マルノウチセン,東京メトロ丸ノ内線,E60012
28002,2800212,M,14,2800212,国会議事堂前,こっかいぎじどうまえ,KOKKAIGIJIDOMAE,13,100-0014,千代田区永田町１丁目,139.745219,35.67393,0,2800212,18,東京メトロ丸ノ内線,マルノウチセン,東京メトロ丸ノ内線,E60012
28002,2800213,M,13,2800115,赤坂見附,あかさかみつけ,AKASAKAMITSUKE,13,107-0052,港区赤坂３-１-６,139.737047,35.677021,0,2800213,18,東京メトロ丸ノ内線,マルノウチセン,東京メトロ丸ノ内線,E60012
28002,2800214,M,12,1131102,四ツ谷,よつや,YOTSUYA,13,160-0004,新宿区四谷１丁目,139.729947,35.684586,0,2800214,18,東京メトロ丸ノ内線,マルノウチセン,東京メトロ丸ノ内線,E60012
28002,2800215,M,11,2800215,四谷三丁目,よつやさんちょうめ,YOTSUYASANCHOME,13,160-0004,新宿区四谷３-８,139.720103,35.687958,0,2800215,18,東京メトロ丸ノ内線,マルノウチセン,東京メトロ丸ノ内線,E60012
28002,2800216,M,10,2800216,新宿御苑前,しんじゅくぎょえんまえ,SHINJUKUGYOENMAE,13,160-0022,新宿区新宿１-８-１,139.71069,35.688588,0,2800216,18,東京メトロ丸ノ内線,マルノウチセン,東京メトロ丸ノ内線,E60012
28002,2800217,M,09,2800217,新宿三丁目,しんじゅくさんちょうめ,SHINJUKUSANCHOME,13,160-0022,新宿区新宿３-１４-１,139.704895,35.690847,0,2800217,18,東京メトロ丸ノ内線,マルノウチセン,東京メトロ丸ノ内線,E60012
28002,2800218,M,08,1130208,新宿,しんじゅく,SHINJUKU,13,-,東京都新宿区西新宿一丁目 西口地下街1号,139.700711,35.69235,0,2800218,18,東京メトロ丸ノ内線,マルノウチセン,東京メトロ丸ノ内線,E60012
28002,2800219,M,07,2800219,西新宿,にししんじゅく,NISHISHINJUKU,13,160-0023,新宿区西新宿６-７-５１,139.692778,35.694298,0,2800219,18,東京メトロ丸ノ内線,マルノウチセン,東京メトロ丸ノ内線,E60012
28002,2800220,M,06,2800220,中野坂上,なかのさかうえ,NAKANOSAKAUE,13,164-0011,中野区中央２-１-２,139.68291,35.69792,0,2800220,18,東京メトロ丸ノ内線,マルノウチセン,東京メトロ丸ノ内線,E60012
28002,2800221,M,05,2800221,新中野,しんなかの,SHINNAKANO,13,164-0011,中野区中央４-２-１５,139.66903,35.697491,0,2800221,18,東京メトロ丸ノ内線,マルノウチセン,東京メトロ丸ノ内線,E60012
28002,2800222,M,04,2800222,東高円寺,ひがしこうえんじ,HIGASHIKOENJI,13,166-0012,杉並区和田３-５５-４２,139.657822,35.697802,0,2800222,18,東京メトロ丸ノ内線,マルノウチセン,東京メトロ丸ノ内線,E60012
28002,2800223,M,03,2800223,新高円寺,しんこうえんじ,SHINKOENNJI,13,166-0003,杉並区高円寺南２-２０-１,139.648068,35.697985,0,2800223,18,東京メトロ丸ノ内線,マルノウチセン,東京メトロ丸ノ内線,E60012
28002,2800224,M,02,2800224,南阿佐ケ谷,みなみあさがや,MINAMIASAGAYA,13,166-0004,杉並区阿佐谷南１-１５-７,139.63576,35.699624,0,2800224,18,東京メトロ丸ノ内線,マルノウチセン,東京メトロ丸ノ内線,E60012
28002,2800225,M,01,1131217,荻窪,おぎくぼ,OGIKUBO,13,167-0043,杉並区上荻１丁目,139.620116,35.704304,0,2800225,18,東京メトロ丸ノ内線,マルノウチセン,東京メトロ丸ノ内線,E60012
28002,2800226,m,05,2800226,中野新橋,なかのしんばし,NAKANOSHINBASHI,13,164-0013,中野区弥生町２-２６-８,139.673997,35.692123,0,2800226,18,東京メトロ丸ノ内線,マルノウチセン,東京メトロ丸ノ内線,E60012
28002,2800227,m,04,2800227,中野富士見町,なかのふじみちょう,NAKANOFUJIMICHO,13,164-0013,中野区弥生町５-２４-４,139.666933,35.690514,0,2800227,18,東京メトロ丸ノ内線,マルノウチセン,東京メトロ丸ノ内線,E60012
28002,2800228,m,03,2800228,方南町,ほうなんちょう,HONANCHO,13,166-0013,杉並区堀ノ内１-１-１,139.656498,35.683496,0,2800228,18,東京メトロ丸ノ内線,マルノウチセン,東京メトロ丸ノ内線,E60012
28003,2800301,H,21,1132005,北千住,きたせんじゅ,KITASENNJU,13,120-0026,足立区千住旭町,139.804276,35.748916,0,2800301,18,東京メトロ日比谷線,ヒビヤセン,東京メトロ日比谷線,89A1AD
28003,2800302,H,20,1132004,南千住,みなみせんじゅ,MINAMISENNJU,13,116-0003,荒川区南千住４丁目,139.799273,35.733398,0,2800302,18,東京メトロ日比谷線,ヒビヤセン,東京メトロ日比谷線,89A1AD
28003,2800303,H,19,2800303,三ノ輪,みのわ,MINOWA,13,110-0011,台東区三ノ輪２-１４-７,139.791485,35.729623,0,2800303,18,東京メトロ日比谷線,ヒビヤセン,東京メトロ日比谷線,89A1AD
28003,2800304,H,18,2800304,入谷,いりや,IRIYA,13,110-0013,台東区入谷１-６-４,139.783924,35.719862,0,2800304,18,東京メトロ日比谷線,ヒビヤセン,東京メトロ日比谷線,89A1AD
28003,2800305,H,17,1130220,上野,うえの,UENO,13, ,東京都台東区東上野三丁目19-6,139.777122,35.711482,0,2800305,18,東京メトロ日比谷線,ヒビヤセン,東京メトロ日比谷線,89A1AD
28003,2800306,H,16,1130221,仲御徒町,なかおかちまち,NAKAOKACHIMACHI,13,110-0005,台東区上野５-２４-１２,139.776138,35.706649,0,2800306,18,東京メトロ日比谷線,ヒビヤセン,東京メトロ日比谷線,89A1AD
28003,2800307,H,15,1130222,秋葉原,あきはばら,AKIHABARA,13, ,東京都千代田区神田佐久間町一丁目21,139.775459,35.698162,0,2800307,18,東京メトロ日比谷線,ヒビヤセン,東京メトロ日比谷線,89A1AD
28003,2800308,H,14,2800308,小伝馬町,こでんまちょう,KODENNMACHOU,13,103-0001,中央区日本橋小伝馬町１１-１,139.778433,35.690737,0,2800308,18,東京メトロ日比谷線,ヒビヤセン,東京メトロ日比谷線,89A1AD
28003,2800309,H,13,2800309,人形町,にんぎょうちょう,NINNGYOUCHOU,13,103-0013,中央区日本橋人形町２-６-５,139.782285,35.686307,0,2800309,18,東京メトロ日比谷線,ヒビヤセン,東京メトロ日比谷線,89A1AD
28003,2800310,H,12,2800310,茅場町,かやばちょう,KAYABACHOU,13,103-0025,中央区日本橋茅場町１-４-６,139.780005,35.679752,0,2800310,18,東京メトロ日比谷線,ヒビヤセン,東京メトロ日比谷線,89A1AD
28003,2800311,H,11,1132602,八丁堀,はっちょうぼり,HACCHOUBORI,13,104-0032,中央区八丁堀３丁目,139.776982,35.674851,0,2800311,18,東京メトロ日比谷線,ヒビヤセン,東京メトロ日比谷線,89A1AD
28003,2800312,H,10,2800312,築地,つきじ,TSUKIJI,13,104-0045,中央区築地３-１５-１,139.772603,35.668115,0,2800312,18,東京メトロ日比谷線,ヒビヤセン,東京メトロ日比谷線,89A1AD
28003,2800313,H,09,2800313,東銀座,ひがしぎんざ,HIGASHIGINNZA,13,104-0061,中央区銀座４-１２-１５,139.767253,35.669464,0,2800313,18,東京メトロ日比谷線,ヒビヤセン,東京メトロ日比谷線,89A1AD
28003,2800314,H,08,2800111,銀座,ぎんざ,GINNZA,13,104-0061,中央区銀座４-１-２,139.763965,35.671989,0,2800314,18,東京メトロ日比谷線,ヒビヤセン,東京メトロ日比谷線,89A1AD
28003,2800315,H,07,2800315,日比谷,ひびや,HIBIYA,13,100-0006,千代田区有楽町１丁目,139.76017,35.67459,0,2800315,18,東京メトロ日比谷線,ヒビヤセン,東京メトロ日比谷線,89A1AD
28003,2800316,H,06,2800211,霞ケ関,かすみがせき,KASUMIGASEKI,13,100-0013,千代田区霞が関２丁目,139.750899,35.673838,0,2800316,18,東京メトロ日比谷線,ヒビヤセン,東京メトロ日比谷線,89A1AD
28003,2800317,H,05,2800317,神谷町,かみやちょう,KAMIYACHOU,13,105-0001,港区虎ノ門５-１２-１１,139.745069,35.662978,0,2800317,18,東京メトロ日比谷線,ヒビヤセン,東京メトロ日比谷線,89A1AD
28003,2800318,H,04,2800318,六本木,ろっぽんぎ,ROPPONNGI,13,106-0032,港区六本木６-１-２５,139.731443,35.662836,0,2800318,18,東京メトロ日比谷線,ヒビヤセン,東京メトロ日比谷線,89A1AD
28003,2800319,H,03,2800319,広尾,ひろお,HIROO,13,106-0047,港区南麻布５-１０-２８,139.722202,35.652279,0,2800319,18,東京メトロ日比谷線,ヒビヤセン,東京メトロ日比谷線,89A1AD
28003,2800320,H,02,1130204,恵比寿,えびす,EBISU,13, ,東京都渋谷区恵比寿南一丁目5-5,139.708988,35.647332,0,2800320,18,東京メトロ日比谷線,ヒビヤセン,東京メトロ日比谷線,89A1AD
28003,2800321,H,01,2600103,中目黒,なかめぐろ,NAKAMEGURO,13,153-0051,目黒区上目黒３-４-１,139.698621,35.643854,0,2800321,18,東京メトロ日比谷線,ヒビヤセン,東京メトロ日比谷線,89A1AD
28004,2800401,T,01,1131214,中野,なかの,NAKANO,13,164-0001,中野区中野５丁目,139.665835,35.705765,0,2800401,18,東京メトロ東西線,トウザイセン,東京メトロ東西線,00A7DB
28004,2800402,T,02,2800402,落合,おちあい,OCHIAI,13,161-0034,新宿区上落合２-１３-７,139.687284,35.710976,0,2800402,18,東京メトロ東西線,トウザイセン,東京メトロ東西線,00A7DB
28004,2800403,T,03,1130210,高田馬場,たかだのばば,TAKADANOBABA,13, ,東京都新宿区高田馬場一丁目35-1,139.704745,35.713338,0,2800403,18,東京メトロ東西線,トウザイセン,東京メトロ東西線,00A7DB
28004,2800404,T,04,2800404,早稲田,わせだ,WASEDA,13, ,東京都新宿区,139.721319,35.705723,0,2800404,18,東京メトロ東西線,トウザイセン,東京メトロ東西線,00A7DB
28004,2800405,T,05,2800405,神楽坂,かぐらざか,KAGURAZAKA,13,162-0805,新宿区矢来町１１２,139.734546,35.70379,0,2800405,18,東京メトロ東西線,トウザイセン,東京メトロ東西線,00A7DB
28004,2800406,T,06,1131205,飯田橋,いいだばし,IIDABASHI,13, ,東京都千代田区飯田橋四丁目10-3,139.745986,35.701725,0,2800406,18,東京メトロ東西線,トウザイセン,東京メトロ東西線,00A7DB
28004,2800407,T,07,2800407,九段下,くだんした,KUDANNSHITA,13,102-0074,千代田区九段南１-６-１,139.751948,35.695589,0,2800407,18,東京メトロ東西線,トウザイセン,東京メトロ東西線,00A7DB
28004,2800408,T,08,2800408,竹橋,たけばし,TAKEBASHI,13,100-0003,千代田区一ツ橋１-１-１,139.756817,35.690662,0,2800408,18,東京メトロ東西線,トウザイセン,東京メトロ東西線,00A7DB
28004,2800409,T,09,2800208,大手町,おおてまち,OOTEMACHI,13,100-0004,千代田区大手町１丁目,139.766086,35.684801,0,2800409,18,東京メトロ東西線,トウザイセン,東京メトロ東西線,00A7DB
28004,2800410,T,10,2800109,日本橋,にほんばし,NIHONNBASHI,13,103-0027,中央区日本橋１丁目,139.773516,35.682078,0,2800410,18,東京メトロ東西線,トウザイセン,東京メトロ東西線,00A7DB
28004,2800411,T,11,2800310,茅場町,かやばちょう,KAYABACHOU,13,103-0025,中央区日本橋茅場町１-４-６,139.780005,35.679752,0,2800411,18,東京メトロ東西線,トウザイセン,東京メトロ東西線,00A7DB
28004,2800412,T,12,2800412,門前仲町,もんぜんなかちょう,MONZENNAKACHO,13,135-0048,江東区門前仲町１丁目,139.796209,35.671851,0,2800412,18,東京メトロ東西線,トウザイセン,東京メトロ東西線,00A7DB
28004,2800413,T,13,2800413,木場,きば,KIBA,13,135-0042,江東区木場５-５-１,139.807042,35.669351,0,2800413,18,東京メトロ東西線,トウザイセン,東京メトロ東西線,00A7DB
28004,2800414,T,14,2800414,東陽町,とうようちょう,TOYOCHO,13,135-0016,江東区東陽４-２-１,139.817596,35.669629,0,2800414,18,東京メトロ東西線,トウザイセン,東京メトロ東西線,00A7DB
28004,2800415,T,15,2800415,南砂町,みなみすなまち,MINAMISUNAMACHI,13,136-0076,江東区南砂３-１１-８５,139.83065,35.668796,0,2800415,18,東京メトロ東西線,トウザイセン,東京メトロ東西線,00A7DB
28004,2800416,T,16,2800416,西葛西,にしかさい,NISHIKASAI,13,134-0088,江戸川区西葛西６-１４-１,139.859259,35.664631,0,2800416,18,東京メトロ東西線,トウザイセン,東京メトロ東西線,00A7DB
28004,2800417,T,17,2800417,葛西,かさい,KASAI,13,134-0083,江戸川区中葛西５-４３-１１,139.872458,35.663554,0,2800417,18,東京メトロ東西線,トウザイセン,東京メトロ東西線,00A7DB
28004,2800418,T,18,2800418,浦安,うらやす,URAYASU,12,279-0002,浦安市北栄１-１３-１,139.893193,35.665932,0,2800418,18,東京メトロ東西線,トウザイセン,東京メトロ東西線,00A7DB
28004,2800419,T,19,2800419,南行徳,みなみぎょうとく,MINAMIGYOTOKU,12,272-0143,市川市相之川４-１７-１,139.902311,35.672687,0,2800419,18,東京メトロ東西線,トウザイセン,東京メトロ東西線,00A7DB
28004,2800420,T,20,2800420,行徳,ぎょうとく,GYOTOKU,12,272-0133,市川市行徳駅前２-４-１,139.914254,35.682686,0,2800420,18,東京メトロ東西線,トウザイセン,東京メトロ東西線,00A7DB
28004,2800421,T,21,2800421,妙典,みょうでん,MYODEN,12,272-0115,市川市富浜１-２-１０,139.924209,35.690935,0,2800421,18,東京メトロ東西線,トウザイセン,東京メトロ東西線,00A7DB
28004,2800422,T,22,2800422,原木中山,あつぎなかやま,ATSUGINAKAYAMA,12,273-0035,船橋市本中山７-７-１,139.942029,35.703517,0,2800422,18,東京メトロ東西線,トウザイセン,東京メトロ東西線,00A7DB
28004,2800423,T,23,1130524,西船橋,にしふなばし,NISHIFUNABASHI,12,273-0031,船橋市西船４丁目,139.958972,35.707127,0,2800423,18,東京メトロ東西線,トウザイセン,東京メトロ東西線,00A7DB
28005,2800501,C,20,2800501,北綾瀬,きたあやせ,KITAAYASE,13,120-0006,足立区谷中２丁目,139.832035,35.777117,0,2800501,18,東京メトロ千代田線,チヨダセン,東京メトロ千代田線,009933
28005,2800502,C,19,1132006,綾瀬,あやせ,AYASE,13,120-0005,足立区綾瀬３丁目,139.825019,35.762222,0,2800502,18,東京メトロ千代田線,チヨダセン,東京メトロ千代田線,009933
28005,2800503,C,18,1132005,北千住,きたせんじゅ,KITASENJU,13,120-0026,足立区千住旭町,139.804276,35.748916,0,2800503,18,東京メトロ千代田線,チヨダセン,東京メトロ千代田線,009933
28005,2800504,C,17,2300104,町屋,まちや,MACHIYA,13,116-0001,荒川区町屋１丁目,139.780501,35.742733,0,2800504,18,東京メトロ千代田線,チヨダセン,東京メトロ千代田線,009933
28005,2800505,C,16,1130217,西日暮里,にしにっぽり,NISHINIPPORI,13, ,東京都荒川区西日暮里五丁目14-1,139.766511,35.732257,0,2800505,18,東京メトロ千代田線,チヨダセン,東京メトロ千代田線,009933
28005,2800506,C,15,2800506,千駄木,せんだぎ,SENDAGI,13,113-0022,文京区千駄木２丁目,139.763243,35.725549,0,2800506,18,東京メトロ千代田線,チヨダセン,東京メトロ千代田線,009933
28005,2800507,C,14,2800507,根津,ねづ,NEZU,13,113-0031,文京区根津１丁目,139.765655,35.7174,0,2800507,18,東京メトロ千代田線,チヨダセン,東京メトロ千代田線,009933
28005,2800508,C,13,2800508,湯島,ゆしま,YUSHIMA,13,113-0034,文京区湯島３丁目,139.769916,35.708243,0,2800508,18,東京メトロ千代田線,チヨダセン,東京メトロ千代田線,009933
28005,2800509,C,12,1131203,新御茶ノ水,しんおちゃのみず,SHINOCHANOMIZU,13,101-0062,千代田区神田駿河台３丁目,139.766014,35.698072,0,2800509,18,東京メトロ千代田線,チヨダセン,東京メトロ千代田線,009933
28005,2800510,C,11,2800208,大手町,おおてまち,OTEMACHI,13,100-0004,千代田区大手町１丁目,139.763399,35.686154,0,2800510,18,東京メトロ千代田線,チヨダセン,東京メトロ千代田線,009933
28005,2800511,C,10,2800511,二重橋前,にじゅうばしまえ,NIJUBASHIMAE,13,100-0005,千代田区丸の内２丁目,139.761948,35.681071,0,2800511,18,東京メトロ千代田線,チヨダセン,東京メトロ千代田線,009933
28005,2800512,C,09,2800315,日比谷,ひびや,HIBIYA,13,100-0006,千代田区有楽町１丁目,139.758732,35.674241,0,2800512,18,東京メトロ千代田線,チヨダセン,東京メトロ千代田線,009933
28005,2800513,C,08,2800211,霞ケ関,かすみがせき,KASUMIGASEKI,13,100-0013,千代田区霞が関２丁目,139.750899,35.673838,0,2800513,18,東京メトロ千代田線,チヨダセン,東京メトロ千代田線,009933
28005,2800514,C,07,2800212,国会議事堂前,こっかいぎじどうまえ,KOKKAIGIJIDOMAE,13,100-0014,千代田区永田町１丁目,139.745219,35.67393,0,2800514,18,東京メトロ千代田線,チヨダセン,東京メトロ千代田線,009933
28005,2800515,C,06,2800515,赤坂,あかさか,AKASAKA,13,107-0052,港区赤坂５丁目,139.738348,35.67323,0,2800515,18,東京メトロ千代田線,チヨダセン,東京メトロ千代田線,009933
28005,2800516,C,05,2800516,乃木坂,のぎざか,NOGIZAKA,13,107-0062,港区南青山１丁目,139.726215,35.666572,0,2800516,18,東京メトロ千代田線,チヨダセン,東京メトロ千代田線,009933
28005,2800517,C,04,2800118,表参道,おもてさんどう,OMOTESANDO,13,107-0061,港区北青山３丁目,139.712314,35.665247,0,2800517,18,東京メトロ千代田線,チヨダセン,東京メトロ千代田線,009933
28005,2800518,C,03,1130206,明治神宮前〈原宿〉,めいじじんぐう（はらじゅく）,MEIJIJINGU（HARAJUKU）,13,150-0001,渋谷区神宮前１丁目,139.703995,35.669071,0,2800518,18,東京メトロ千代田線,チヨダセン,東京メトロ千代田線,009933
28005,2800519,C,02,2500104,代々木公園,よよぎこうえん,YOYOGIKOEN,13,151-0063,渋谷区富ケ谷１丁目,139.689099,35.669187,0,2800519,18,東京メトロ千代田線,チヨダセン,東京メトロ千代田線,009933
28005,2800520,C,01,2500105,代々木上原,よよぎうえはら,YOYOGIUEHARA,13,151-0066,渋谷区西原３丁目,139.680153,35.669159,0,2800520,18,東京メトロ千代田線,チヨダセン,東京メトロ千代田線,009933
28006,2800601,Y,01,2100111,和光市,わこうし,WAKOSHI,11,351-0114,埼玉県和光市本町4-6,139.612434,35.788507,0,2800601,18,東京メトロ有楽町線,ユウラクチョウセン,東京メトロ有楽町線,C5C544
28006,2800602,Y,02,2100110,地下鉄成増,ちかてつなります,CHIKATETSUNARIMASU,13,175-0094,東京都板橋区成増二丁目11-3,139.631497,35.776557,0,2800602,18,東京メトロ有楽町線,ユウラクチョウセン,東京メトロ有楽町線,C5C544
28006,2800603,Y,03,2100109,地下鉄赤塚,ちかてつあかつか,CHIKATETSUAKATSUKA,13,179-0081,東京都練馬区北町八丁目37-16,139.644021,35.769939,0,2800603,18,東京メトロ有楽町線,ユウラクチョウセン,東京メトロ有楽町線,C5C544
28006,2800604,Y,04,2800604,平和台,へいわだい,HEWADAI,13,179-0085,東京都練馬区早宮2-17-48,139.653762,35.757863,0,2800604,18,東京メトロ有楽町線,ユウラクチョウセン,東京メトロ有楽町線,C5C544
28006,2800605,Y,05,2800605,氷川台,ひかわだい,HIKAWADAI,13,179-0084,東京都練馬区氷川台三丁目38-18,139.665567,35.74955,0,2800605,18,東京メトロ有楽町線,ユウラクチョウセン,東京メトロ有楽町線,C5C544
28006,2800606,Y,06,2200301,小竹向原,こたけむかいはら,KOTAKEMUKAIHARA,13,176-0004,東京都練馬区小竹町二丁目16-15,139.678572,35.743803,0,2800606,18,東京メトロ有楽町線,ユウラクチョウセン,東京メトロ有楽町線,C5C544
28006,2800607,Y,07,2800607,千川,せんかわ,SENKAWA,13,171-0043,東京都豊島区要町三丁目10-7,139.689271,35.738229,0,2800607,18,東京メトロ有楽町線,ユウラクチョウセン,東京メトロ有楽町線,C5C544
28006,2800608,Y,08,2800608,要町,かなめちょう,KANAMECHO,13,171-0043,東京都豊島区要町一丁目1-10,139.698715,35.73323,0,2800608,18,東京メトロ有楽町線,ユウラクチョウセン,東京メトロ有楽町線,C5C544
28006,2800609,Y,09,1130212,池袋,いけぶくろ,IKEBUKURO,13,171-0021,東京都豊島区西池袋三丁目28-14,139.710088,35.729565,0,2800609,18,東京メトロ有楽町線,ユウラクチョウセン,東京メトロ有楽町線,C5C544
28006,2800610,Y,10,2800610,東池袋,ひがしいけぶくろ,HIGASHIIKEBUKURO,13,170-0013,東京都豊島区東池袋四丁目4-4,139.719546,35.725732,0,2800610,18,東京メトロ有楽町線,ユウラクチョウセン,東京メトロ有楽町線,C5C544
28006,2800611,Y,11,2800611,護国寺,ごこくじ,GOKOKUJI,13,112-0012,東京都文京区大塚五丁目40-8,139.72754,35.719044,0,2800611,18,東京メトロ有楽町線,ユウラクチョウセン,東京メトロ有楽町線,C5C544
28006,2800612,Y,12,2800612,江戸川橋,えどがわばし,EDOGAWABASHI,13,112-0014,東京都文京区関口一丁目19-6,139.733538,35.709495,0,2800612,18,東京メトロ有楽町線,ユウラクチョウセン,東京メトロ有楽町線,C5C544
28006,2800613,Y,13,1131205,飯田橋,いいだばし,IDABASHI,13,162-0825,東京都新宿区神楽坂一丁目13,139.743669,35.701934,0,2800613,18,東京メトロ有楽町線,ユウラクチョウセン,東京メトロ有楽町線,C5C544
28006,2800614,Y,14,1131206,市ケ谷,いちがや,ICHIGAYA,13,162-0843,東京都新宿区市谷田町一丁目1,139.73647,35.691958,0,2800614,18,東京メトロ有楽町線,ユウラクチョウセン,東京メトロ有楽町線,C5C544
28006,2800615,Y,15,2800615,麹町,こうじまち,KOUJIMACHI,13,102-0083,東京都千代田区麹町三丁目2,139.737613,35.684006,0,2800615,18,東京メトロ有楽町線,ユウラクチョウセン,東京メトロ有楽町線,C5C544
28006,2800616,Y,16,2800115,永田町,ながたちょう,NAGATACHO,13,100-0014,東京都千代田区永田町一丁目11-28,139.740258,35.678757,0,2800616,18,東京メトロ有楽町線,ユウラクチョウセン,東京メトロ有楽町線,C5C544
28006,2800617,Y,17,2800617,桜田門,さくらだもん,SAKURADAMON,13,100-0013,東京都千代田区霞が関二丁目1-1,139.75149,35.677405,0,2800617,18,東京メトロ有楽町線,ユウラクチョウセン,東京メトロ有楽町線,C5C544
28006,2800618,Y,18,1130225,有楽町,ゆうらくちょう,YURAKUCHO,13,100-0006,東京都千代田区有楽町一丁目11-1,139.763265,35.675714,0,2800618,18,東京メトロ有楽町線,ユウラクチョウセン,東京メトロ有楽町線,C5C544
28006,2800619,Y,19,2800619,銀座一丁目,ぎんざいっちょうめ,GINZAICCHOME,13,104-0061,東京都中央区銀座一丁目7-12,139.767045,35.67435,0,2800619,18,東京メトロ有楽町線,ユウラクチョウセン,東京メトロ有楽町線,C5C544
28006,2800620,Y,20,2800620,新富町,しんとみちょう,SHINTOMICHO,13,104-0045,東京都中央区築地一丁目1-1,139.773711,35.670462,0,2800620,18,東京メトロ有楽町線,ユウラクチョウセン,東京メトロ有楽町線,C5C544
28006,2800621,Y,21,2800621,月島,つきしま,TSUKISHIMA,13,104-0052,東京都中央区月島一丁目3-9,139.784233,35.664871,0,2800621,18,東京メトロ有楽町線,ユウラクチョウセン,東京メトロ有楽町線,C5C544
28006,2800622,Y,22,2800622,豊洲,とよす,TOYOSU,13,135-0061,東京都江東区豊洲四丁目1-1,139.79621,35.654908,0,2800622,18,東京メトロ有楽町線,ユウラクチョウセン,東京メトロ有楽町線,C5C544
28006,2800623,Y,23,2800623,辰巳,たつみ,TATSUMI,13,135-0053,東京都江東区辰巳一丁目1-44,139.81052,35.645576,0,2800623,18,東京メトロ有楽町線,ユウラクチョウセン,東京メトロ有楽町線,C5C544
28006,2800624,Y,24,1132605,新木場,しんきば,SHINKIBA,13,136-0082,東京都江東区新木場一丁目6,139.826254,35.645832,0,2800624,18,東京メトロ有楽町線,ユウラクチョウセン,東京メトロ有楽町線,C5C544
28008,2800801,Z,01,1130205,渋谷,しぶや,SHIBUYA,13, ,東京都渋谷区道玄坂二丁目1-1,139.701,35.659066,0,2800801,18,東京メトロ半蔵門線,ハンゾウモンセン,東京メトロ半蔵門線,A757A8
28008,2800802,Z,02,2800118,表参道,おもてさんどう,OMOTESANNDO,13,107-0061,港区北青山３丁目,139.712314,35.665247,0,2800802,18,東京メトロ半蔵門線,ハンゾウモンセン,東京メトロ半蔵門線,A757A8
28008,2800803,Z,03,2800116,青山一丁目,あおやまいっちょうめ,AOYAMAICCHOME,13,107-0062,港区南青山１-１-１９,139.724159,35.672765,0,2800803,18,東京メトロ半蔵門線,ハンゾウモンセン,東京メトロ半蔵門線,A757A8
28008,2800804,Z,04,2800115,永田町,ながたちょう,NAGATACHO,13, ,東京都千代田区永田町一丁目11-29,139.740258,35.678757,0,2800804,18,東京メトロ半蔵門線,ハンゾウモンセン,東京メトロ半蔵門線,A757A8
28008,2800805,Z,05,2800805,半蔵門,はんぞうもん,HANZOMON,13,102-0083,千代田区麹町１-６,139.74163,35.685703,0,2800805,18,東京メトロ半蔵門線,ハンゾウモンセン,東京メトロ半蔵門線,A757A8
28008,2800806,Z,06,2800407,九段下,くだんした,KUDANSHITA,13,102-0074,千代田区九段南１-６-１,139.751948,35.695589,0,2800806,18,東京メトロ半蔵門線,ハンゾウモンセン,東京メトロ半蔵門線,A757A8
28008,2800807,Z,07,2800807,神保町,じんぼうちょう,JINBOCHO,13,101-0051,千代田区神田神保町２-２,139.757606,35.695966,0,2800807,18,東京メトロ半蔵門線,ハンゾウモンセン,東京メトロ半蔵門線,A757A8
28008,2800808,Z,08,2800208,大手町,おおてまち,OTEMACHI,13,100-0004,千代田区大手町１丁目,139.764107,35.68686,0,2800808,18,東京メトロ半蔵門線,ハンゾウモンセン,東京メトロ半蔵門線,A757A8
28008,2800809,Z,09,1131402,三越前,みつこしまえ,MITSUKOSHIMAE,13,103-0022,中央区日本橋室町１-８-１,139.773147,35.684908,0,2800809,18,東京メトロ半蔵門線,ハンゾウモンセン,東京メトロ半蔵門線,A757A8
28008,2800810,Z,10,2800810,水天宮前,すいてんぐうまえ,SUITENGUMAE,13,103-0014,中央区日本橋蛎殻町２-１-１,139.785377,35.682683,0,2800810,18,東京メトロ半蔵門線,ハンゾウモンセン,東京メトロ半蔵門線,A757A8
28008,2800811,Z,11,2800811,清澄白河,きよすみしらかわ,KIYOSUMISHIRAKAWA,13,135-0021,江東区白河１-７-１４,139.798851,35.682105,0,2800811,18,東京メトロ半蔵門線,ハンゾウモンセン,東京メトロ半蔵門線,A757A8
28008,2800814,Z,12,2800814,住吉,すみよし,SUMIYOSHI,13,135-0002,江東区住吉２-２３-１２,139.815681,35.689073,0,2800811,18,東京メトロ半蔵門線,ハンゾウモンセン,東京メトロ半蔵門線,A757A8
28008,2800812,Z,13,1131322,錦糸町,きんしちょう,KINSHICHO,13,130-0022,墨田区江東橋３丁目,139.814941,35.697578,0,2800812,18,東京メトロ半蔵門線,ハンゾウモンセン,東京メトロ半蔵門線,A757A8
28008,2800813,Z,14,2100203,押上〈スカイツリー前〉,おしあげ（すかいつりーまえ）,OSHIAGE（SUKAITSURI-MAE）,13,131-0045,墨田区押上一丁目,139.812935,35.710702,0,2800813,18,東京メトロ半蔵門線,ハンゾウモンセン,東京メトロ半蔵門線,A757A8
28009,2800901,N,19,2800901,赤羽岩淵,あかはねいわぶち,AKAHANEIWABUCHI,13,115-0045,北区赤羽１-５２-８,139.722103,35.783417,0,2800901,18,東京メトロ南北線,ナンボクセン,東京メトロ南北線,00ADA9
28009,2800902,N,18,2800902,志茂,しも,SHIMO,13,115-0042,北区志茂２-１-１８,139.732599,35.777948,0,2800902,18,東京メトロ南北線,ナンボクセン,東京メトロ南北線,00ADA9
28009,2800903,N,17,2800903,王子神谷,おうじかみや,OJIKAMIYA,13,114-0002,北区王子５-２-１１,139.735933,35.765172,0,2800903,18,東京メトロ南北線,ナンボクセン,東京メトロ南北線,00ADA9
28009,2800904,N,16,1133212,王子,おうじ,OJI,13,114-0002,北区王子１丁目,139.737618,35.753966,0,2800904,18,東京メトロ南北線,ナンボクセン,東京メトロ南北線,00ADA9
28009,2800905,N,15,2800905,西ケ原,にしがはら,NISHIGAHARA,13,114-0024,東京都北区西ヶ原二丁目3-8,139.742322,35.746008,0,2800905,18,東京メトロ南北線,ナンボクセン,東京メトロ南北線,00ADA9
28009,2800906,N,14,1130215,駒込,こまごめ,KOMAGOME,13, ,東京都豊島区駒込二丁目,139.746442,35.736959,0,2800906,18,東京メトロ南北線,ナンボクセン,東京メトロ南北線,00ADA9
28009,2800907,N,13,2800907,本駒込,ほんこまごめ,HONKOMAGOME,13,113-0023,文京区向丘２-３７-１,139.753828,35.724155,0,2800907,18,東京メトロ南北線,ナンボクセン,東京メトロ南北線,00ADA9
28009,2800908,N,12,2800908,東大前,とうだいまえ,TODAIMAE,13,113-0023,文京区向丘１-１９-２,139.758025,35.717633,0,2800908,18,東京メトロ南北線,ナンボクセン,東京メトロ南北線,00ADA9
28009,2800909,N,11,2800204,後楽園,こうらくえん,KORAKUEN,13,112-0003,文京区春日１-２-３,139.751864,35.707898,0,2800909,18,東京メトロ南北線,ナンボクセン,東京メトロ南北線,00ADA9
28009,2800910,N,10,1131205,飯田橋,いいだばし,IDABASHI,13, ,東京都新宿区神楽坂一丁目13,139.743669,35.701934,0,2800910,18,東京メトロ南北線,ナンボクセン,東京メトロ南北線,00ADA9
28009,2800911,N,09,1131206,市ケ谷,いちがや,ICHIGAYA,13, ,東京都千代田区五番町2-1,139.736642,35.691295,0,2800911,18,東京メトロ南北線,ナンボクセン,東京メトロ南北線,00ADA9
28009,2800912,N,08,1131102,四ツ谷,よつや,YOTSUYA,13,160-0004,新宿区四谷１丁目,139.72955,35.686032,0,2800912,18,東京メトロ南北線,ナンボクセン,東京メトロ南北線,00ADA9
28009,2800913,N,07,2800115,永田町,ながたちょう,NAGATACHO,13, ,東京都千代田区永田町一丁目11-28,139.740258,35.678757,0,2800913,18,東京メトロ南北線,ナンボクセン,東京メトロ南北線,00ADA9
28009,2800914,N,06,2800114,溜池山王,ためいけさんのう,TAMEIKESANNO,13,100-0014,千代田区永田町２-１１-１,139.741419,35.673621,0,2800914,18,東京メトロ南北線,ナンボクセン,東京メトロ南北線,00ADA9
28009,2800915,N,05,2800915,六本木一丁目,ろっぽんぎいっちょうめ,ROPPONGIICCHOME,13,106-0032,港区六本木１-４-１,139.739,35.665595,0,2800915,18,東京メトロ南北線,ナンボクセン,東京メトロ南北線,00ADA9
28009,2800916,N,04,2800916,麻布十番,あざぶじゅうばん,AZABUJUBAN,13,106-0045,港区麻布十番４-４-９,139.737051,35.654682,0,2800916,18,東京メトロ南北線,ナンボクセン,東京メトロ南北線,00ADA9
28009,2800917,N,03,2800917,白金高輪,しろかねたかなわ,SHIROKANETAKANAWA,13,108-0074,港区高輪１-３-２０,139.734104,35.642903,0,2800917,18,東京メトロ南北線,ナンボクセン,東京メトロ南北線,00ADA9
28009,2800918,N,02,2800918,白金台,しろかねだい,SHIROKANEDAI,13,108-0071,港区白金台３-２,139.726133,35.637917,0,2800918,18,東京メトロ南北線,ナンボクセン,東京メトロ南北線,00ADA9
28009,2800919,N,01,1130203,目黒,めぐろ,MEGURO,13, ,東京都品川区上大崎四丁目2-1,139.7155,35.633272,0,2800919,18,東京メトロ南北線,ナンボクセン,東京メトロ南北線,00ADA9
28010,2801001,F,01,2100111,和光市,わこうし,WAKOSHI,11, ,埼玉県和光市本町4-6,139.612434,35.788507,0,2801001,18,東京メトロ副都心線,フクトシンセン,東京メトロ副都心線,BB6633
28010,2801002,F,02,2100110,地下鉄成増,ちかてつなります,CHIKATETSUNARIMASU,13, ,東京都板橋区成増二丁目11-3,139.631497,35.776557,0,2801002,18,東京メトロ副都心線,フクトシンセン,東京メトロ副都心線,BB6633
28010,2801003,F,03,2100109,地下鉄赤塚,ちかてつあかさか,CHIKATETSUAKASAKA,13, ,東京都練馬区北町八丁目37-16,139.644021,35.769939,0,2801003,18,東京メトロ副都心線,フクトシンセン,東京メトロ副都心線,BB6633
28010,2801004,F,04,2800604,平和台,へいわだい,HEIWADAI,13, ,東京都練馬区早宮2-17-48,139.653762,35.757863,0,2801004,18,東京メトロ副都心線,フクトシンセン,東京メトロ副都心線,BB6633
28010,2801005,F,05,2800605,氷川台,ひかわだい,HIKAWADAI,13, ,東京都練馬区氷川台三丁目38-18,139.665567,35.74955,0,2801005,18,東京メトロ副都心線,フクトシンセン,東京メトロ副都心線,BB6633
28010,2801006,F,06,2200301,小竹向原,こたけむかいはら,KOTAKEMUKAIHARA,13, ,東京都練馬区小竹町二丁目16-15,139.678572,35.743803,0,2801006,18,東京メトロ副都心線,フクトシンセン,東京メトロ副都心線,BB6633
28010,2801007,F,07,2800607,千川,せんかわ,SENKAWA,13, ,東京都豊島区要町三丁目10-7,139.689271,35.738229,0,2801007,18,東京メトロ副都心線,フクトシンセン,東京メトロ副都心線,BB6633
28010,2801008,F,08,2800608,要町,かなめちょう,KANAMECHO,13, ,東京都豊島区要町一丁目1-10,139.698715,35.73323,0,2801008,18,東京メトロ副都心線,フクトシンセン,東京メトロ副都心線,BB6633
28010,2801009,F,09,1130212,池袋,いけぶくろ,IKEBUKURO,13, ,東京都豊島区,139.708291,35.731464,0,2801009,18,東京メトロ副都心線,フクトシンセン,東京メトロ副都心線,BB6633
28010,2801010,F,10,2801010,雑司が谷,ぞうしがや,ZOSHIGAYA,13,171-0032,豊島区雑司が谷二丁目,139.714795,35.720233,0,2801010,18,東京メトロ副都心線,フクトシンセン,東京メトロ副都心線,BB6633
28010,2801011,F,11,2801011,西早稲田,にしわせだ,NISHIWASEDA,13,162-0051,新宿区西早稲田二丁目,139.709101,35.708242,0,2801011,18,東京メトロ副都心線,フクトシンセン,東京メトロ副都心線,BB6633
28010,2801012,F,12,2801012,東新宿,ひがししんじゅく,HIGASHISHINJUKU,13,160-0022,新宿区新宿７-２７-３,139.707593,35.698915,0,2801012,18,東京メトロ副都心線,フクトシンセン,東京メトロ副都心線,BB6633
28010,2801013,F,13,2800217,新宿三丁目,しんじゅくさんちょうめ,SHINJUKUSANCHOME,13,160-0022,新宿区新宿３-１４-１,139.704828,35.690853,0,2801013,18,東京メトロ副都心線,フクトシンセン,東京メトロ副都心線,BB6633
28010,2801014,F,14,2801014,北参道,きたさんどう,KITASANDO,13,151-0051,渋谷区千駄ヶ谷４丁目,139.705453,35.678459,0,2801014,18,東京メトロ副都心線,フクトシンセン,東京メトロ副都心線,BB6633
28010,2801015,F,15,1130206,明治神宮前〈原宿〉,めいじじんぐうまえ（はらじゅく）,MEIJIJINGUMAE（HARAJUKU）,13,150-0001,渋谷区神宮前１丁目,139.705367,35.668497,0,2801015,18,東京メトロ副都心線,フクトシンセン,東京メトロ副都心線,BB6633
28010,2801016,F,16,1130205,渋谷,しぶや,SHIBUYA,13, ,東京都渋谷区道玄坂二丁目1-1,139.702417,35.659545,0,2801016,18,東京メトロ副都心線,フクトシンセン,東京メトロ副都心線,BB6633
99301,9930101,E,28,9930101,都庁前,とちょうまえ,TOCHOMAE,13,160-0023,新宿区西新宿２-８-１,139.69257,35.690551,0,9930101,119,都営大江戸線,トエイオオエドセン,都営大江戸線,b6007a
99301,9930102,E,01,9930102,新宿西口,しんじゅくにしぐち,SHINJUKUNISHIGUCHI,13,160-0023,新宿区西新宿１-３-１７,139.699155,35.693315,0,9930102,119,都営大江戸線,トエイオオエドセン,都営大江戸線,b6007a
99301,9930103,E,02,2801012,東新宿,ひがししんじゅく,HIGASHISHINJUKU,13,160-0022,新宿区新宿７-２７-３,139.707549,35.69792,0,9930103,119,都営大江戸線,トエイオオエドセン,都営大江戸線,b6007a
99301,9930104,E,03,9930104,若松河田,わかまつかわだ,WAKAMATSUKAWADA,13,162-0054,新宿区河田町１０-１０,139.718184,35.699218,0,9930104,119,都営大江戸線,トエイオオエドセン,都営大江戸線,b6007a
99301,9930105,E,04,9930105,牛込柳町,うしごめやなぎちょう,USHIGOMEYANAGICHO,13,162-0053,新宿区原町２-３２,139.725027,35.699518,0,9930105,119,都営大江戸線,トエイオオエドセン,都営大江戸線,b6007a
99301,9930106,E,05,9930106,牛込神楽坂,うしごめかぐらざか,USHIGOMEKAGURAZAKA,13,162-0833,新宿区箪笥町１５,139.735802,35.700851,0,9930106,119,都営大江戸線,トエイオオエドセン,都営大江戸線,b6007a
99301,9930107,E,06,1131205,飯田橋,いいだばし,IDABASHI,13, ,東京都文京区後楽一丁目9-5,139.744999,35.702927,0,9930107,119,都営大江戸線,トエイオオエドセン,都営大江戸線,b6007a
99301,9930108,E,07,9930108,春日,かすが,KASUGA,13,112-0003,文京区春日１-１６-１７,139.75325,35.709598,0,9930108,119,都営大江戸線,トエイオオエドセン,都営大江戸線,b6007a
99301,9930109,E,08,2800205,本郷三丁目,ほんごうさんちょうめ,HONGOSANCHOME,13,113-0033,文京区本郷２-３９-１,139.760095,35.707462,0,9930109,119,都営大江戸線,トエイオオエドセン,都営大江戸線,b6007a
99301,9930110,E,09,1130221,上野御徒町,うえのおかちまち,UENOOKACHIMACHI,13,110-0005,台東区上野５-２６-６,139.774332,35.707893,0,9930110,119,都営大江戸線,トエイオオエドセン,都営大江戸線,b6007a
99301,9930111,E,10,9930111,新御徒町,しんおかちまち,SHINOKACHIMACHI,13,111-0041,台東区元浅草１-５-２,139.781958,35.707045,0,9930111,119,都営大江戸線,トエイオオエドセン,都営大江戸線,b6007a
99301,9930112,E,11,9930112,蔵前,くらまえ,KURAMAE,13,111-0051,台東区蔵前２-３-１,139.790931,35.703236,0,9930112,119,都営大江戸線,トエイオオエドセン,都営大江戸線,b6007a
99301,9930113,E,12,1131321,両国,りょうごく,RYOGOKU,13,130-0015,墨田区横網１丁目,139.797421,35.696881,0,9930113,119,都営大江戸線,トエイオオエドセン,都営大江戸線,b6007a
99301,9930114,E,13,9930114,森下,もりした,MORISHITA,13,135-0004,江東区森下２-１７-１７,139.797042,35.68796,0,9930114,119,都営大江戸線,トエイオオエドセン,都営大江戸線,b6007a
99301,9930115,E,14,2800811,清澄白河,きよすみしらかわ,KIYOSUMISHIRAKAWA,13,135-0021,江東区白河１-７-１４,139.798851,35.682105,0,9930115,119,都営大江戸線,トエイオオエドセン,都営大江戸線,b6007a
99301,9930116,E,15,2800412,門前仲町,もんぜんなかちょう,MONZENNAKACHO,13,135-0048,江東区門前仲町１丁目,139.796209,35.671851,0,9930116,119,都営大江戸線,トエイオオエドセン,都営大江戸線,b6007a
99301,9930117,E,16,2800621,月島,つきしま,TSUKISHIMA,13, ,東京都中央区月島一丁目3-9,139.784233,35.664871,0,9930117,119,都営大江戸線,トエイオオエドセン,都営大江戸線,b6007a
99301,9930118,E,17,9930118,勝どき,かちどき,KACHIDOKI,13,104-0054,中央区勝どき２-１０-１５,139.776442,35.658507,0,9930118,119,都営大江戸線,トエイオオエドセン,都営大江戸線,b6007a
99301,9930119,E,18,9930119,築地市場,つきじしじょう,TSUKIJISHIJO,13,104-0045,中央区築地５-１-２,139.766915,35.664895,0,9930119,119,都営大江戸線,トエイオオエドセン,都営大江戸線,b6007a
99301,9930120,E,19,9930120,汐留,しおどめ,SHIODOME,13,105-0021,港区東新橋１丁目５,139.760642,35.663703,0,9930120,119,都営大江戸線,トエイオオエドセン,都営大江戸線,b6007a
99301,9930121,E,20,9930121,大門,だいもん,DAIMON,13,105-0013,港区浜松町１-２７-１２,139.75466,35.656785,0,9930121,119,都営大江戸線,トエイオオエドセン,都営大江戸線,b6007a
99301,9930122,E,21,9930122,赤羽橋,あかはねばし,AKAHANEBASHI,13,106-0044,港区東麻布１-２８-１３,139.743642,35.655007,0,9930122,119,都営大江戸線,トエイオオエドセン,都営大江戸線,b6007a
99301,9930123,E,22,2800916,麻布十番,あざぶじゅうばん,AZABUJUBAN,13,106-0045,港区麻布十番４-４-９,139.736116,35.656503,0,9930123,119,都営大江戸線,トエイオオエドセン,都営大江戸線,b6007a
99301,9930124,E,23,2800318,六本木,ろっぽんぎ,ROPPONGI,13,106-0032,港区六本木６-１-２５,139.731567,35.663921,0,9930124,119,都営大江戸線,トエイオオエドセン,都営大江戸線,b6007a
99301,9930125,E,24,2800116,青山一丁目,あおやまいっちょうめ,AOYAMAICCHOME,13,107-0062,港区南青山１-１-１９,139.72396,35.672929,0,9930125,119,都営大江戸線,トエイオオエドセン,都営大江戸線,b6007a
99301,9930126,E,25,9930126,国立競技場,こくりつきょうぎじょう,KOKURITSUKYOGIJO,13,160-0013,新宿区霞ケ丘町１０-３,139.714932,35.679831,0,9930126,119,都営大江戸線,トエイオオエドセン,都営大江戸線,b6007a
99301,9930127,E,26,1130207,代々木,よよぎ,YOYOGI,13, ,東京都渋谷区代々木一丁目35-5,139.701666,35.683218,0,9930127,119,都営大江戸線,トエイオオエドセン,都営大江戸線,b6007a
99301,9930128,E,27,1130208,新宿,しんじゅく,SHINJUKU,13, ,東京都渋谷区代々木二丁目1-1,139.698812,35.68869,0,9930128,119,都営大江戸線,トエイオオエドセン,都営大江戸線,b6007a
99301,9930129,E,29,9930129,西新宿五丁目,にししんじゅくごちょうめ,NISHISHINJUKUGOCHOME,13,160-0023,新宿区西新宿５-２５-９,139.684304,35.689798,0,9930129,119,都営大江戸線,トエイオオエドセン,都営大江戸線,b6007a
99301,9930130,E,30,2800220,中野坂上,なかのさかうえ,NAKANOSAKAUE,13,164-0011,中野区中央２-１-２,139.682279,35.69709,0,9930130,119,都営大江戸線,トエイオオエドセン,都営大江戸線,b6007a
99301,9930131,E,31,1131213,東中野,ひがしなかの,HIGASHINAKANO,13,164-0003,中野区東中野４丁目,139.682987,35.706891,0,9930131,119,都営大江戸線,トエイオオエドセン,都営大江戸線,b6007a
99301,9930132,E,32,2200704,中井,なかい,NAKAI,13,161-0032,新宿区中落合１-１９-１,139.686356,35.714035,0,9930132,119,都営大江戸線,トエイオオエドセン,都営大江戸線,b6007a
99301,9930133,E,33,9930133,落合南長崎,おちあいみなみながさき,OCHIAIMINAMINAGASAKI,13,161-0031,新宿区西落合３-１-１８,139.683303,35.723608,0,9930133,119,都営大江戸線,トエイオオエドセン,都営大江戸線,b6007a
99301,9930134,E,34,9930134,新江古田,しんえこだ,SHINEKODA,13,165-0023,中野区江原町２-２９-１３,139.670653,35.732538,0,9930134,119,都営大江戸線,トエイオオエドセン,都営大江戸線,b6007a
99301,9930135,E,35,2200106,練馬,ねりま,NERIMA,13,176-0001,練馬区練馬１-３-５,139.65477,35.737404,0,9930135,119,都営大江戸線,トエイオオエドセン,都営大江戸線,b6007a
99301,9930136,E,36,2200402,豊島園,としまえん,TOSHIMAEN,13,176-0001,練馬区練馬４-１６-５,139.64911,35.742067,0,9930136,119,都営大江戸線,トエイオオエドセン,都営大江戸線,b6007a
99301,9930137,E,37,9930137,練馬春日町,ねりまかすがちょう,NERIMAKASUGACHO,13,179-0074,練馬区春日町３-２９-２５,139.640236,35.751452,0,9930137,119,都営大江戸線,トエイオオエドセン,都営大江戸線,b6007a
99301,9930138,E,38,9930138,光が丘,ひかりがおか,HIKARIGAOKA,13,179-0072,練馬区光が丘２-９-５,139.628603,35.758526,0,9930138,119,都営大江戸線,トエイオオエドセン,都営大江戸線,b6007a
99302,9930201,A,01,9930201,西馬込,にしうまごめ,NISHIUMAGOME,13,143-0026,大田区西馬込２-１-６,139.705942,35.586859,0,9930201,119,都営浅草線,トエイアサクサセン,都営浅草線,e85298
99302,9930202,A,02,9930202,馬込,うまごめ,UMAGOME,13,143-0021,大田区北馬込２-３１-９,139.711772,35.596435,0,9930202,119,都営浅草線,トエイアサクサセン,都営浅草線,e85298
99302,9930203,A,03,2600404,中延,なかのぶ,NAKANOBU,13,142-0053,品川区中延４-５-５,139.713736,35.605769,0,9930203,119,都営浅草線,トエイアサクサセン,都営浅草線,e85298
99302,9930204,A,04,2600503,戸越,とごし,TOGOSHI,13,142-0041,品川区戸越３-４-１７,139.716495,35.614633,0,9930204,119,都営浅草線,トエイアサクサセン,都営浅草線,e85298
99302,9930205,A,05,1130202,五反田,ごたんだ,GOTANDA,13, ,東京都品川区東五反田一丁目26-14,139.724175,35.627102,0,9930205,119,都営浅草線,トエイアサクサセン,都営浅草線,e85298
99302,9930206,A,06,9930206,高輪台,たかわだい,TAKAWADAI,13,108-0071,港区白金台２-２６-７,139.730305,35.631679,0,9930206,119,都営浅草線,トエイアサクサセン,都営浅草線,e85298
99302,9930207,A,07,2700101,泉岳寺,せんがくじ,SENGAKUJI,13,108-0074,港区高輪２-１６-３４,139.74002,35.638692,0,9930207,119,都営浅草線,トエイアサクサセン,都営浅草線,e85298
99302,9930208,A,08,9930208,三田,みた,MITA,13,108-0014,港区芝５-３４-１０,139.748775,35.64818,0,9930208,119,都営浅草線,トエイアサクサセン,都営浅草線,e85298
99302,9930209,A,09,9930121,大門,だいもん,DAIMON,13,105-0013,港区浜松町１-２７-１２,139.75466,35.656785,0,9930209,119,都営浅草線,トエイアサクサセン,都営浅草線,e85298
99302,9930210,A,10,1130102,新橋,しんばし,SHINBASHI,13, ,東京都港区新橋二丁目21-1,139.759451,35.665577,0,9930210,119,都営浅草線,トエイアサクサセン,都営浅草線,e85298
99302,9930211,A,11,2800313,東銀座,ひがしぎんざ,HIGASHIGINZA,13,104-0061,中央区銀座４-１２-１５,139.767253,35.669464,0,9930211,119,都営浅草線,トエイアサクサセン,都営浅草線,e85298
99302,9930212,A,12,2800110,宝町,たからまち,TAKARAMACHI,13,104-0031,中央区京橋２-１３-１１,139.771767,35.675461,0,9930212,119,都営浅草線,トエイアサクサセン,都営浅草線,e85298
99302,9930213,A,13,2800109,日本橋,にほんばし,NIHONBASHI,13,103-0027,中央区日本橋１丁目,139.775721,35.681688,0,9930213,119,都営浅草線,トエイアサクサセン,都営浅草線,e85298
99302,9930214,A,14,2800309,人形町,にんぎょうちょう,NINGYOCHO,13,103-0013,中央区日本橋人形町２-６-５,139.782285,35.686307,0,9930214,119,都営浅草線,トエイアサクサセン,都営浅草線,e85298
99302,9930215,A,15,1131403,東日本橋,ひがしにほんばし,HIGASHINIHONBASHI,13,103-0004,中央区東日本橋３-１１-８,139.784821,35.692126,0,9930215,119,都営浅草線,トエイアサクサセン,都営浅草線,e85298
99302,9930216,A,16,1131320,浅草橋,あさくさばし,ASAKUSABASHI,13,111-0053,台東区浅草橋１丁目,139.786305,35.697451,0,9930216,119,都営浅草線,トエイアサクサセン,都営浅草線,e85298
99302,9930217,A,17,9930112,蔵前,くらまえ,KURAMAE,13,111-0051,台東区蔵前２-３-１,139.790931,35.703236,0,9930217,119,都営浅草線,トエイアサクサセン,都営浅草線,e85298
99302,9930218,A,18,2100201,浅草,あさくさ,ASAKUSA,13, ,東京都台東区,139.79697,35.709461,0,9930218,119,都営浅草線,トエイアサクサセン,都営浅草線,e85298
99302,9930219,A,19,9930219,本所吾妻橋,ほんじょあづまばし,HONJOAZUMABASHI,13,130-0001,墨田区吾妻橋３-７-１６,139.804624,35.70858,0,9930219,119,都営浅草線,トエイアサクサセン,都営浅草線,e85298
99302,9930220,A,20,2100203,押上（スカイツリー前）,おしあげ（すかいつりーまえ）,OSHIAGE（SKYTREEMAE）,13,131-0045,墨田区押上一丁目,139.812935,35.710702,0,9930220,119,都営浅草線,トエイアサクサセン,都営浅草線,e85298
99303,9930301,I,01,1130203,目黒,めぐろ,MEGURO,13, ,東京都品川区上大崎四丁目2-1,139.7155,35.633272,0,9930301,119,都営三田線,トエイミタセン,都営三田線,0079c2
99303,9930302,I,02,2800918,白金台,しろかねだい,SHIROKANEDAI,13,108-0071,港区白金台３-２,139.726133,35.637917,0,9930302,119,都営三田線,トエイミタセン,都営三田線,0079c2
99303,9930303,I,03,2800917,白金高輪,しろかねたかなわ,SHIROKANETAKANAWA,13,108-0074,港区高輪１-３-２０,139.734104,35.642903,0,9930303,119,都営三田線,トエイミタセン,都営三田線,0079c2
99303,9930304,I,04,9930208,三田,みた,MITA,13,108-0014,港区芝５-３４-１０,139.748775,35.64818,0,9930304,119,都営三田線,トエイミタセン,都営三田線,0079c2
99303,9930305,I,05,9930305,芝公園,しばこうえん,SHIBAKOEN,13,105-0011,港区芝公園４-８-１４,139.749824,35.654074,0,9930305,119,都営三田線,トエイミタセン,都営三田線,0079c2
99303,9930306,I,06,9930306,御成門,おなりもん,ONARIMON,13,105-0003,港区西新橋３-２４-６,139.751535,35.661215,0,9930306,119,都営三田線,トエイミタセン,都営三田線,0079c2
99303,9930307,I,07,9930307,内幸町,うちさいわいちょう,UCHISAIWAICHO,13,100-0011,千代田区内幸町２-２-３,139.75561,35.66975,0,9930307,119,都営三田線,トエイミタセン,都営三田線,0079c2
99303,9930308,I,08,2800315,日比谷,ひびや,HIBIYA,13,100-0006,千代田区有楽町１丁目,139.759998,35.676036,0,9930308,119,都営三田線,トエイミタセン,都営三田線,0079c2
99303,9930309,I,09,2800208,大手町,おおてまち,OTEMACHI,13,100-0004,千代田区大手町１丁目,139.762959,35.684856,0,9930309,119,都営三田線,トエイミタセン,都営三田線,0079c2
99303,9930310,I,10,2800807,神保町,じんぼうちょう,JINBOCHO,13,101-0051,千代田区神田神保町２-２,139.75812,35.695492,0,9930310,119,都営三田線,トエイミタセン,都営三田線,0079c2
99303,9930311,I,11,1131204,水道橋,すいどうばし,SUIDOBASHI,13,101-0061,千代田区三崎町２丁目,139.75516,35.703398,0,9930311,119,都営三田線,トエイミタセン,都営三田線,0079c2
99303,9930312,I,12,9930108,春日,かすが,KASUGA,13,112-0003,文京区春日１-１６-１７,139.75325,35.709598,0,9930312,119,都営三田線,トエイミタセン,都営三田線,0079c2
99303,9930313,I,13,9930313,白山,しろやま,SHIROYAMA,13,112-0001,文京区白山５-３６-１０,139.752136,35.721408,0,9930313,119,都営三田線,トエイミタセン,都営三田線,0079c2
99303,9930314,I,14,9930314,千石,せんごく,SENGOKU,13,112-0011,文京区千石１-２９-１３,139.744792,35.727957,0,9930314,119,都営三田線,トエイミタセン,都営三田線,0079c2
99303,9930315,I,15,1130214,巣鴨,すがも,SUGAMO,13, ,東京都豊島区巣鴨,139.738519,35.733502,0,9930315,119,都営三田線,トエイミタセン,都営三田線,0079c2
99303,9930316,I,16,9930316,西巣鴨,にしすがも,NISHISUGAMO,13,170-0001,豊島区西巣鴨３-２５-１３,139.728712,35.743508,0,9930316,119,都営三田線,トエイミタセン,都営三田線,0079c2
99303,9930317,I,17,9930317,新板橋,しんいたばし,SHINNITABASHI,13,173-0004,板橋区板橋１-５３-１７,139.720101,35.748785,0,9930317,119,都営三田線,トエイミタセン,都営三田線,0079c2
99303,9930318,I,18,9930318,板橋区役所前,いたばしくやくしょまえ,ITABASHIKUYAKUSHOMAE,13,173-0004,板橋区板橋２-６６-１７,139.710102,35.751284,0,9930318,119,都営三田線,トエイミタセン,都営三田線,0079c2
99303,9930319,I,19,9930319,板橋本町,いたばしほんまち,ITABASHIHONMACHI,13,173-0012,板橋区大和町１７-１,139.705535,35.761339,0,9930319,119,都営三田線,トエイミタセン,都営三田線,0079c2
99303,9930320,I,20,9930320,本蓮沼,もとはすぬま,MOTOHASUNUMA,13,174-0052,板橋区蓮沼町１９-８,139.702324,35.768782,0,9930320,119,都営三田線,トエイミタセン,都営三田線,0079c2
99303,9930321,I,21,9930321,志村坂上,しむらさかうえ,SHIMURASAKAUE,13,174-0056,板橋区志村１-１４-１３,139.69538,35.775725,0,9930321,119,都営三田線,トエイミタセン,都営三田線,0079c2
99303,9930322,I,22,9930322,志村三丁目,しむらさんちょうめ,SHIMURASANNCHOME,13,174-0056,板橋区志村３-２３-１,139.685937,35.777391,0,9930322,119,都営三田線,トエイミタセン,都営三田線,0079c2
99303,9930323,I,23,9930323,蓮根,はすね,HASUNE,13,174-0046,板橋区蓮根２-３１-３０,139.678993,35.784335,0,9930323,119,都営三田線,トエイミタセン,都営三田線,0079c2
99303,9930324,I,24,9930324,西台,にしだい,NISHIDAI,13,175-0082,板橋区高島平９-１-１,139.673971,35.78699,0,9930324,119,都営三田線,トエイミタセン,都営三田線,0079c2
99303,9930325,I,25,9930325,高島平,たかしまだいら,TAKASHIMADAIRA,13,175-0082,板橋区高島平８-２-１,139.661216,35.789056,0,9930325,119,都営三田線,トエイミタセン,都営三田線,0079c2
99303,9930326,I,26,9930326,新高島平,しんたかしまだいら,SHINTAKASHIMADAIRA,13,175-0082,板橋区高島平７-１,139.654275,35.790189,0,9930326,119,都営三田線,トエイミタセン,都営三田線,0079c2
99303,9930327,I,27,9930327,西高島平,にしたかしまだいら,NISHITAKASHIMADAIRA,13,175-0082,板橋区高島平６-１,139.64594,35.791833,0,9930327,119,都営三田線,トエイミタセン,都営三田線,0079c2
99304,9930401,S,01,1130208,新宿,しんじゅく,SHINJUKU,13, ,東京都新宿区西新宿一丁目18,139.698812,35.68869,0,9930401,119,都営新宿線,トエイシンジュクセン,都営新宿線,6cbb5a
99304,9930402,S,02,2800217,新宿三丁目,しんじゅくさんちょうめ,SHINJUKUSANCHOME,13,160-0022,新宿区新宿３-１４-１,139.706271,35.690616,0,9930402,119,都営新宿線,トエイシンジュクセン,都営新宿線,6cbb5a
99304,9930403,S,03,9930403,曙橋,あけぼのばし,AKEBONOBASHI,13,162-0065,新宿区住吉町７-１,139.722881,35.692402,0,9930403,119,都営新宿線,トエイシンジュクセン,都営新宿線,6cbb5a
99304,9930404,S,04,1131206,市ヶ谷,いちがや,ICHIGAYA,13,162-0843,東京都新宿区市谷田町一丁目1,139.735794,35.692594,0,9930404,119,都営新宿線,トエイシンジュクセン,都営新宿線,6cbb5a
99304,9930405,S,05,2800407,九段下,くだんした,KUDANSHITA,13,102-0074,千代田区九段南１-６-１,139.751948,35.695589,0,9930405,119,都営新宿線,トエイシンジュクセン,都営新宿線,6cbb5a
99304,9930406,S,06,2800807,神保町,じんぼうちょう,JINBOCHO,13,101-0051,千代田区神田神保町２-２,139.757606,35.695966,0,9930406,119,都営新宿線,トエイシンジュクセン,都営新宿線,6cbb5a
99304,9930407,S,07,2800207,小川町,おがわまち,OGAWAMACHI,13,101-0052,千代田区神田小川町１-６,139.767551,35.695487,0,9930407,119,都営新宿線,トエイシンジュクセン,都営新宿線,6cbb5a
99304,9930408,S,08,9930408,岩本町,いわもとちょう,IWAMOTOCHO,13,101-0033,千代田区神田岩本町１,139.775866,35.695534,0,9930408,119,都営新宿線,トエイシンジュクセン,都営新宿線,6cbb5a
99304,9930409,S,09,1131403,馬喰横山,ばくろよこやま,BAKUROYOKOYAMA,13,103-0003,中央区日本橋横山町４-１３,139.782768,35.69212,0,9930409,119,都営新宿線,トエイシンジュクセン,都営新宿線,6cbb5a
99304,9930410,S,10,9930410,浜町,はまちょう,HAMACHO,13,103-0007,中央区日本橋浜町２-５９-３,139.788154,35.688516,0,9930410,119,都営新宿線,トエイシンジュクセン,都営新宿線,6cbb5a
99304,9930411,S,11,9930114,森下,もりした,MORISHITA,13,135-0004,江東区森下２-１７-１７,139.797042,35.68796,0,9930411,119,都営新宿線,トエイシンジュクセン,都営新宿線,6cbb5a
99304,9930412,S,12,9930412,菊川,きくかわ,KIKUKAWA,13,130-0024,墨田区菊川３-１６-２,139.806016,35.688379,0,9930412,119,都営新宿線,トエイシンジュクセン,都営新宿線,6cbb5a
99304,9930413,S,13,2800814,住吉,すみよし,SUMIYOSHI,13,135-0002,江東区住吉２-２３-１２,139.815681,35.689073,0,9930413,119,都営新宿線,トエイシンジュクセン,都営新宿線,6cbb5a
99304,9930414,S,14,9930414,西大島,にしおおじま,NISHIOJIMA,13,136-0072,江東区大島２-４１-１９,139.826206,35.689349,0,9930414,119,都営新宿線,トエイシンジュクセン,都営新宿線,6cbb5a
99304,9930415,S,15,9930415,大島,おおじま,OJIMA,13,136-0072,江東区大島５-１０-８,139.83565,35.689905,0,9930415,119,都営新宿線,トエイシンジュクセン,都営新宿線,6cbb5a
99304,9930416,S,16,9930416,東大島,ひがしおおじま,HIGASHIOJIMA,13,136-0072,江東区大島９-３-１４,139.845963,35.690355,0,9930416,119,都営新宿線,トエイシンジュクセン,都営新宿線,6cbb5a
99304,9930417,S,17,9930417,船堀,ふなぼり,FUNABORI,13,134-0091,江戸川区船堀３-６-１,139.864258,35.683795,0,9930417,119,都営新宿線,トエイシンジュクセン,都営新宿線,6cbb5a
99304,9930418,S,18,9930418,一之江,いちのえ,ICHINOE,13,134-0003,江戸川区春江町４-２,139.882934,35.686055,0,9930418,119,都営新宿線,トエイシンジュクセン,都営新宿線,6cbb5a
99304,9930419,S,19,9930419,瑞江,みずえ,MIZUE,13,132-0011,江戸川区瑞江２-２-１,139.89761,35.693318,0,9930419,119,都営新宿線,トエイシンジュクセン,都営新宿線,6cbb5a
99304,9930420,S,20,9930420,篠崎,しのざき,SHINOZAKI,13,133-0061,江戸川区篠崎町７-２７-１,139.903698,35.706017,0,9930420,119,都営新宿線,トエイシンジュクセン,都営新宿線,6cbb5a
99304,9930421,S,21,1131328,本八幡,もとやわた,MOTOYAWATA,12,272-0021,市川市八幡２丁目,139.926628,35.722929,0,9930421,119,都営新宿線,トエイシンジュクセン,都営新宿線,6cbb5a
